shop_code,shop_name,brand_name,region,box_qty,product_qty,taras_qty,paper_qty,vm_qty,input_type,status,DO_num,GI_date,arrival_date,GR_date,note
1130,PD THẢO ĐIỀN,Pedro,HCM,0,1,,,,KCL,process,1000526787,2026-09-27,2026-09-29,,-
1125,PD VIVO,Pedro,HCM,1,5,,,,KCL,process,1000527576,2026-09-30,2026-10-01,,-
1152,PD PARC MALL Q8,Pedro,HCM,1,1,,,,KCL,process,1000527887,2026-10-01,2026-10-01,,-
1153,PD HUẾ,Pedro,province,8,159,,,,-,process,1000528357,2026-10-01,2026-10-06,,-
1134,PD ROYAL CITY,Pedro,province,0,19,,,,-,Pending,1000528404,2026-10-01,,,-
1146,PD DN LÊ DUẨN,Pedro,province,10,164,,,,-,process,1000528455,2026-10-01,2026-10-06,,-
1139,PD CẦN THƠ,Pedro,province,6,138,,,,-,process,1000528552,2026-10-01,2026-10-05,,-
1144,PD DN VINCOM,Pedro,province,11,162,,,,-,process,1000528615,2026-10-02,2026-10-06,,-
1161,PD ĐÀ NẴNG THANH KHÊ,Pedro,province,6,133,,,,-,process,1000528620,2026-10-02,2026-10-05,,-
CK 99M2,TIKI,Charles & Keith,HCM,1,3,,,,hàng CK Tiki từ Hà nội vào,process,-,,2026-10-05,,-
5808,Birkenstock Vạn Hạnh,Birkenstock,HCM,0,1,,,,-,process,1000529337,2026-10-06,2026-10-07,,-
5803,Birkenstock Crescent Mall,Birkenstock,HCM,0,1,,,,-,process,1000529358,2026-10-06,2026-10-07,,-
5810,Birkenstock VINCOM TDH,Birkenstock,province,0,1,,,,-,Pending,1000529362,2026-10-06,,,-
1122,PD ĐỒNG KHỞI,Pedro,HCM,0,1,,,,CL,process,1000529434,2026-10-06,2026-10-07,,-
5802,Birkenstock Vincom Đồng Khởi,Birkenstock,HCM,0,6,,,,-,process,1000529657,2026-10-06,2026-10-07,,-
5807,Birkenstock Centre Hà Nội,Birkenstock,province,0,1,,,,-,process,1000529679,2026-10-06,2026-10-07,,-
