id,delivery_date,post_date,check,checklist,brand_name,shop_code,shop_name,region,PO_num,DO_num,type,box_qty,product_qty,paper_qty,order_qty
61665,2026-10-05,,post null,0,Charles & Keith,1021,CK NGUYỄN TRÃI,HCM,4500231602,80235937,New,25,427,,427
61666,2026-10-05,,post null,0,Charles & Keith,1025,CK LÊ VĂN SỸ,HCM,4500231603,80235938,New,23,396,,396
61667,2026-10-05,,post null,0,Charles & Keith,1036,CK ĐỒNG KHỞI,HCM,4500231604,80235939,New,24,424,,424
61668,2026-10-05,,post null,0,Charles & Keith,1038,CK THẢO ĐIỀN,HCM,4500231605,80235940,New,21,309,,309
61669,2026-10-05,,post null,0,Charles & Keith,1039,CK VẠN HẠNH,HCM,4500231606,80235941,New,21,423,,423
61670,2026-10-05,,post null,0,Charles & Keith,1050,CK TÂN PHÚ,HCM,4500231609,80235942,New,20,305,,305
61671,2026-10-05,,post null,0,Charles & Keith,1051,CK SÀI GÒN,HCM,4500231610,80235943,New,25,425,,425
61672,2026-10-05,,post null,0,Charles & Keith,1052,CK BÌNH TÂN,HCM,4500231611,80235944,New,18,303,,303
61673,2026-10-05,,post null,0,Charles & Keith,1059,CK HÙNG VƯƠNG,HCM,4500231613,80235945,New,15,259,,259
61674,2026-10-05,,post null,0,Charles & Keith,1060,CK VÕ VĂN NGÂN,HCM,4500231614,80235946,New,13,227,,227
61675,2026-10-05,,post null,0,Charles & Keith,1062,CK VIVO,HCM,4500231616,80235947,New,17,249,,249
61676,2026-10-05,,post null,0,Charles & Keith,1063,CK PARC MALL Q8,HCM,4500231617,80235948,New,14,250,,250
61677,2026-10-05,,post null,0,Charles & Keith,1067,CK Crescent Mall,HCM,4500231618,80235949,New,17,296,,296
61777,2026-10-05,,post null,0,Pedro,1100,KHO CHUNG PD,HCM,4500232011,80236320,VMR,7,188,,188
61633,2026-10-05,,post null,0,BIRKENSTOCK,BK 9916,Kho Private Sale/ Staff Sale Hồ Chí Minh 2 ,HCM,4500231501,80235865,STAFF SALE ,24,375,,375
61660,2026-10-05,2026-10-03,posted,0,Pedro,PD 99M3,KHO ECOM THỦ ĐỨC,HCM,4500231595,80235910,bs,19,382,,399
